build;list_recursive;100;time;time;0.00000000000000000000e+00
build;list_recursive;2000;time;time;0.00000000000000000000e+00
build;list_recursive;30000;time;time;0.00000000000000000000e+00
