map;list_comprehension;1230;time;time;3.06000000000000011140e-04
map;list_comprehension;1230;time;time;5.10000000000000036637e-04
